Feature,Mean,Median,Std_Dev,Min,Max,Range,Skewness,Kurtosis
N,50.551818181818184,37.0,36.9173338337566,0.0,140.0,140.0,0.5097213691539147,-1.0582398753148494
P,53.36272727272727,51.0,32.98588273858715,5.0,145.0,140.0,1.0107725431372674,0.8602787550148228
K,48.14909090909091,32.0,50.64793054666013,5.0,205.0,200.0,2.3751672388547,4.44935441896056
temperature,25.616243851779544,25.5986932,5.063748599958843,8.825674745,43.67549305,34.849818305,0.18493273421137887,1.2325548517558178
humidity,71.48177921778637,80.473145665,22.263811589761083,14.25803981,99.98187601,85.7238362,-1.0917079195808679,0.3021340700925377
ph,6.469480065256364,6.42504527,0.7739376880298733,3.504752314,9.93509073,6.430338416000001,0.2839294375729441,1.6555814549345498
rainfall,103.46365541576817,94.86762427,54.95838852487813,20.21126747,298.5601175,278.34885003,0.9657563536272812,0.6070792853156082
