Model,Train_Accuracy,Test_Accuracy,Train_Precision,Test_Precision,Train_Recall,Test_Recall,Train_F1,Test_F1,Training_Time_sec,Prediction_Time_ms,Tree_Depth,Num_Leaves,Overfitting_Gap
Decision Tree,0.977840909090909,0.95,0.977999959649649,0.9537031808770938,0.977840909090909,0.95,0.9777510364353683,0.9493257733965418,0.01819157600402832,0.005953962152654474,14,42,0.027840909090909083
