Model,Accuracy,Precision,Recall,F1-Score,Pred_Time_ms,Size_MB,Rank
Random Forest,0.9977272727272727,0.9978354978354979,0.9977272727272727,0.997725851384388,7.220983505249023,5.743860244750977,1
Stacking Ensemble,0.9931818181818182,0.9937032664305392,0.9931818181818182,0.9931690047222782,149.76191520690918,13.413418769836426,2
XGBoost,0.9863636363636363,0.9867654673874771,0.9863636363636363,0.9862925478458214,31.44097328186035,3.579766273498535,3
LightGBM,0.9840909090909091,0.984817415439425,0.9840909090909091,0.9840724102598302,1985.520839691162,3.0000524520874023,4
Logistic Regression,0.9795454545454545,0.9811169287453874,0.9795454545454545,0.9793630625197631,4.139423370361328,0.0075244903564453125,5
SVM,0.9795454545454545,0.980881956958512,0.9795454545454545,0.9794406983110449,47.2102165222168,3.306096076965332,6
Decision Tree,0.9568181818181818,0.9591763499658237,0.9568181818181818,0.9569895045183876,1.8701553344726562,0.02387714385986328,7
