Model,Train_Accuracy,Test_Accuracy,Train_Precision,Test_Precision,Train_Recall,Test_Recall,Train_F1,Test_F1,Training_Time_sec,Prediction_Time_ms,Overfitting_Gap
Logistic Regression,0.9886363636363636,0.9795454545454545,0.9887720939657182,0.9811169287453874,0.9886363636363636,0.9795454545454545,0.9886311669607626,0.9793630625197631,0.4086151123046875,0.00909566879272461,0.00909090909090915
