Model,Train_Accuracy,Test_Accuracy,Train_Precision,Test_Precision,Train_Recall,Test_Recall,Train_F1,Test_F1,OOB_Score,CV_Mean,CV_Std,Training_Time_sec,Prediction_Time_ms,N_Estimators,Avg_Tree_Depth,Overfitting_Gap
Random Forest,0.9994318181818181,0.9977272727272727,0.999438832772166,0.9978354978354979,0.9994318181818181,0.9977272727272727,0.999431795986349,0.997725851384388,0.9931818181818182,0.99375,0.0048876848108196655,0.10435724258422852,0.025825608860362663,100,13.52,0.0017045454545454586
