Model,Train_Accuracy,Test_Accuracy,Train_Precision,Test_Precision,Train_Recall,Test_Recall,Train_F1,Test_F1,OOB_Score,CV_Mean,CV_Std,Training_Time_sec,Prediction_Time_ms,N_Estimators,Avg_Tree_Depth,Overfitting_Gap
Random Forest,0.9988636363636364,0.9931818181818182,0.9988636363636364,0.9933982683982684,0.9988636363636364,0.9931818181818182,0.9988636363636364,0.9931789754960487,0.9926136363636363,0.99375,0.006066521734108723,0.7765376567840576,0.49348419362848456,200,13.2,0.005681818181818232
